{
  "product":[
    {
        "id":1,
        "title":"Kulangot",
        "desc":"salt",
        "price":"67"
    },
    {
        "id":2,
        "title":"Tiktilaok Manok",
        "desc":"Salt maalat",
        "price":"78"
    },
    {
        "id":3,
        "title":"Very Nice",
        "desc":"Yezyow",
        "price":"79"
    },
    {
        "id":4,
        "title":"Balakubak",
        "desc":"Betsin Maalat",
        "price":"170"
    },
    {
      "id":5,
      "title":"Burnikk",
      "desc":"Betsin Maalat",
      "price":"270"
  },
  {
    "id":6,
    "title":"Sipon Malapot",
    "desc":"Betsin Maalat",
    "price":"230"
},
{
  "id":7,
  "title":"Buldit",
  "desc":"Betsin Maalat",
  "price":"120"
}
],
  "comments": [
    {
      "id": 1,
      "body": "some comment",
      "postId": 1
    }
  ],
  "profile": {
    "name": "typicode"
  }
}